{"$type":"List`1","$values":[{"$id":"1","$type":"ProjectOptionEntry","key":"NetworkCollapsed","context":"{2232342-3406}","value":false},{"$id":"2","$type":"ProjectOptionEntry","key":"NetworkCollapsed","context":"{2232342-5233}","value":false},{"$id":"3","$type":"ProjectOptionEntry","key":"RestoreNetworkStates","context":"{2232321-3398}","value":true},{"$id":"4","$type":"ProjectOptionEntry","key":"LastSelection@Siemens.Simatic.PlcLanguages.PLFrame.BasicLanguageEditor","context":"{2232321-3398}","value":{"$id":"5","$type":"SessionState","NetworkStates":{"$id":"6","$type":"Dictionary`2","1":5},"FocusedComponent":4,"ComponentUndoState":{"$id":"7","$type":"FLGViewSessionState","SelectedElements":{"$type":"String[]","$values":["<?xml version=\"1.0\" encoding=\"utf-16\"?><ConnectionElement UId=\"21\" Label=\"false\" />"]},"RelevantSettings":null}}},{"$id":"8","$type":"ProjectOptionEntry","key":"NetworkCollapsed","context":"{2232342-17782}","value":true},{"$id":"9","$type":"ProjectOptionEntry","key":"NetworkCollapsed","context":"{2232342-17784}","value":true},{"$id":"10","$type":"ProjectOptionEntry","key":"NetworkCollapsed","context":"{2232342-17792}","value":true},{"$id":"11","$type":"ProjectOptionEntry","key":"NetworkCollapsed","context":"{2232342-17793}","value":false},{"$id":"12","$type":"ProjectOptionEntry","key":"NetworkCollapsed","context":"{2232342-17806}","value":false},{"$id":"13","$type":"ProjectOptionEntry","key":"RestoreNetworkStates","context":"{2232321-17779}","value":true},{"$id":"14","$type":"ProjectOptionEntry","key":"NetworkCollapsed","context":"{2232342-17936}","value":false},{"$id":"15","$type":"ProjectOptionEntry","key":"NetworkCollapsed","context":"{2232342-17959}","value":false},{"$id":"16","$type":"ProjectOptionEntry","key":"NetworkCollapsed","context":"{2232342-17997}","value":false},{"$id":"17","$type":"ProjectOptionEntry","key":"NetworkCollapsed","context":"{2232342-18006}","value":false},{"$id":"18","$type":"ProjectOptionEntry","key":"RestoreNetworkStates","context":"{2232321-17933}","value":true},{"$id":"19","$type":"ProjectOptionEntry","key":"NetworkCollapsed","context":"{2232342-17840}","value":true},{"$id":"20","$type":"ProjectOptionEntry","key":"NetworkCollapsed","context":"{2232342-17816}","value":true},{"$id":"21","$type":"ProjectOptionEntry","key":"NetworkCollapsed","context":"{2232342-17819}","value":true},{"$id":"22","$type":"ProjectOptionEntry","key":"NetworkCollapsed","context":"{2232342-17826}","value":true},{"$id":"23","$type":"ProjectOptionEntry","key":"NetworkCollapsed","context":"{2232342-17858}","value":true},{"$id":"24","$type":"ProjectOptionEntry","key":"RestoreNetworkStates","context":"{2232321-17813}","value":true},{"$id":"25","$type":"ProjectOptionEntry","key":"NetworkCollapsed","context":"{2232342-17859}","value":false},{"$id":"26","$type":"ProjectOptionEntry","key":"NetworkCollapsed","context":"{2232342-20671}","value":false},{"$id":"27","$type":"ProjectOptionEntry","key":"NetworkCollapsed","context":"{2232342-16703}","value":false},{"$id":"28","$type":"ProjectOptionEntry","key":"NetworkCollapsed","context":"{2232342-16704}","value":false},{"$id":"29","$type":"ProjectOptionEntry","key":"NetworkCollapsed","context":"{2232342-16705}","value":false},{"$id":"30","$type":"ProjectOptionEntry","key":"RestoreNetworkStates","context":"{2232321-16530}","value":true},{"$id":"31","$type":"ProjectOptionEntry","key":"NetworkCollapsed","context":"{2232342-20673}","value":false},{"$id":"32","$type":"ProjectOptionEntry","key":"LastSelection@Siemens.Simatic.PlcLanguages.PLFrame.BasicLanguageEditor","context":"{2232321-16530}","value":{"$id":"33","$type":"SessionState","NetworkStates":{"$id":"34","$type":"Dictionary`2","4":5},"FocusedComponent":4,"ComponentUndoState":{"$id":"35","$type":"FLGViewSessionState","SelectedElements":{"$type":"String[]","$values":["<?xml version=\"1.0\" encoding=\"utf-16\"?><Connector UId=\"-3\" FormalName=\"EN\" OwnerUId=\"23\" ParaNum=\"-1\" />"]},"RelevantSettings":null}}},{"$id":"36","$type":"ProjectOptionEntry","key":"LastSelection@Siemens.Simatic.PlcLanguages.PLFrame.BasicLanguageEditor","context":"{2232321-17813}","value":{"$id":"37","$type":"SessionState","NetworkStates":{"$id":"38","$type":"Dictionary`2","6":5},"FocusedComponent":1,"ComponentUndoState":null}},{"$id":"39","$type":"ProjectOptionEntry","key":"LastSelection@Siemens.Simatic.PlcLanguages.PLFrame.BasicLanguageEditor","context":"{2232321-17779}","value":{"$id":"40","$type":"SessionState","NetworkStates":{"$id":"41","$type":"Dictionary`2","4":5},"FocusedComponent":4,"ComponentUndoState":{"$id":"42","$type":"FLGViewSessionState","SelectedElements":{"$type":"String[]","$values":["<?xml version=\"1.0\" encoding=\"utf-16\"?><Operand UId=\"116\" RefId=\"15\" OwnerUId=\"113\" ParaNum=\"-1\" Formalname=\"IN2\" />"]},"RelevantSettings":null}}},{"$id":"43","$type":"ProjectOptionEntry","key":"NetworkCollapsed","context":"{2232342-20703}","value":false},{"$id":"44","$type":"ProjectOptionEntry","key":"NetworkCollapsed","context":"{2232342-20720}","value":false},{"$id":"45","$type":"ProjectOptionEntry","key":"NetworkCollapsed","context":"{2232342-20730}","value":true},{"$id":"46","$type":"ProjectOptionEntry","key":"NetworkCollapsed","context":"{2232342-16688}","value":false},{"$id":"47","$type":"ProjectOptionEntry","key":"NetworkCollapsed","context":"{2232342-16689}","value":false},{"$id":"48","$type":"ProjectOptionEntry","key":"NetworkCollapsed","context":"{2232342-16690}","value":false},{"$id":"49","$type":"ProjectOptionEntry","key":"NetworkCollapsed","context":"{2232342-16691}","value":false},{"$id":"50","$type":"ProjectOptionEntry","key":"NetworkCollapsed","context":"{2232342-16692}","value":false},{"$id":"51","$type":"ProjectOptionEntry","key":"RestoreNetworkStates","context":"{2232321-16527}","value":true},{"$id":"52","$type":"ProjectOptionEntry","key":"NetworkCollapsed","context":"{2232342-20741}","value":false},{"$id":"53","$type":"ProjectOptionEntry","key":"NetworkCollapsed","context":"{2232342-17711}","value":false},{"$id":"54","$type":"ProjectOptionEntry","key":"NetworkCollapsed","context":"{2232342-17713}","value":false},{"$id":"55","$type":"ProjectOptionEntry","key":"NetworkCollapsed","context":"{2232342-17723}","value":false},{"$id":"56","$type":"ProjectOptionEntry","key":"NetworkCollapsed","context":"{2232342-17730}","value":false},{"$id":"57","$type":"ProjectOptionEntry","key":"NetworkCollapsed","context":"{2232342-17812}","value":false},{"$id":"58","$type":"ProjectOptionEntry","key":"RestoreNetworkStates","context":"{2232321-17708}","value":true},{"$id":"59","$type":"ProjectOptionEntry","key":"NetworkCollapsed","context":"{2232342-17744}","value":false},{"$id":"60","$type":"ProjectOptionEntry","key":"NetworkCollapsed","context":"{2232342-17747}","value":true},{"$id":"61","$type":"ProjectOptionEntry","key":"NetworkCollapsed","context":"{2232342-17755}","value":true},{"$id":"62","$type":"ProjectOptionEntry","key":"NetworkCollapsed","context":"{2232342-17757}","value":true},{"$id":"63","$type":"ProjectOptionEntry","key":"NetworkCollapsed","context":"{2232342-17760}","value":true},{"$id":"64","$type":"ProjectOptionEntry","key":"RestoreNetworkStates","context":"{2232321-17741}","value":true},{"$id":"65","$type":"ProjectOptionEntry","key":"NetworkCollapsed","context":"{2232342-17770}","value":false},{"$id":"66","$type":"ProjectOptionEntry","key":"NetworkCollapsed","context":"{2232342-17764}","value":false},{"$id":"67","$type":"ProjectOptionEntry","key":"NetworkCollapsed","context":"{2232342-17872}","value":false},{"$id":"68","$type":"ProjectOptionEntry","key":"LastSelection@Siemens.Simatic.PlcLanguages.PLFrame.BasicLanguageEditor","context":"{2232321-17741}","value":{"$id":"69","$type":"SessionState","NetworkStates":{"$id":"70","$type":"Dictionary`2","7":5},"FocusedComponent":4,"ComponentUndoState":{"$id":"71","$type":"FLGViewSessionState","SelectedElements":{"$type":"String[]","$values":["<?xml version=\"1.0\" encoding=\"utf-16\"?><Operand UId=\"75\" RefId=\"53\" OwnerUId=\"54\" ParaNum=\"4\" Formalname=\"\" />"]},"RelevantSettings":null}}},{"$id":"72","$type":"ProjectOptionEntry","key":"LastSelection@Siemens.Simatic.PlcLanguages.PLFrame.BasicLanguageEditor","context":"{2232321-16527}","value":{"$id":"73","$type":"SessionState","NetworkStates":{"$id":"74","$type":"Dictionary`2","2":5},"FocusedComponent":4,"ComponentUndoState":{"$id":"75","$type":"FLGViewSessionState","SelectedElements":{"$type":"String[]","$values":["<?xml version=\"1.0\" encoding=\"utf-16\"?><ConnectionElement UId=\"21\" Label=\"false\" />"]},"RelevantSettings":null}}},{"$id":"76","$type":"ProjectOptionEntry","key":"NetworkCollapsed","context":"{2232342-20771}","value":false},{"$id":"77","$type":"ProjectOptionEntry","key":"RestoreNetworkStates","context":"{2232321-20768}","value":true},{"$id":"78","$type":"ProjectOptionEntry","key":"NetworkCollapsed","context":"{2232342-20781}","value":false},{"$id":"79","$type":"ProjectOptionEntry","key":"LastSelection@Siemens.Simatic.PlcLanguages.PLFrame.BasicLanguageEditor","context":"{2232321-17708}","value":{"$id":"80","$type":"SessionState","NetworkStates":{"$id":"81","$type":"Dictionary`2","1":5},"FocusedComponent":4,"ComponentUndoState":{"$id":"82","$type":"FLGViewSessionState","SelectedElements":{"$type":"String[]","$values":["<?xml version=\"1.0\" encoding=\"utf-16\"?><Operand UId=\"24\" RefId=\"8\" OwnerUId=\"21\" ParaNum=\"-1\" Formalname=\"IN\" />"]},"RelevantSettings":null}}},{"$id":"83","$type":"ProjectOptionEntry","key":"LastSelection@Siemens.Simatic.PlcLanguages.PLFrame.BasicLanguageEditor","context":"{2232321-20768}","value":{"$id":"84","$type":"SessionState","NetworkStates":{"$id":"85","$type":"Dictionary`2","1":5},"FocusedComponent":4,"ComponentUndoState":{"$id":"86","$type":"FLGViewSessionState","SelectedElements":{"$type":"String[]","$values":["<?xml version=\"1.0\" encoding=\"utf-16\"?><Connector UId=\"45\" FormalName=\"EN\" OwnerUId=\"21\" ParaNum=\"-1\" />"]},"RelevantSettings":null}}},{"$id":"87","$type":"ProjectOptionEntry","key":"RestoreNetworkStates","context":"{2232321-20797}","value":true},{"$id":"88","$type":"ProjectOptionEntry","key":"LastSelection@Siemens.Simatic.PlcLanguages.PLFrame.BasicLanguageEditor","context":"{2232321-17933}","value":{"$id":"89","$type":"SessionState","NetworkStates":{"$id":"90","$type":"Dictionary`2","1":5},"FocusedComponent":4,"ComponentUndoState":{"$id":"91","$type":"FLGViewSessionState","SelectedElements":{"$type":"String[]","$values":["<?xml version=\"1.0\" encoding=\"utf-16\"?><Operand UId=\"149\" RefId=\"0\" OwnerUId=\"146\" ParaNum=\"-1\" Formalname=\"EN\" />"]},"RelevantSettings":null}}},{"$id":"92","$type":"ProjectOptionEntry","key":"NetworkCollapsed","context":"{2232342-20806}","value":true},{"$id":"93","$type":"ProjectOptionEntry","key":"NetworkCollapsed","context":"{2232342-20812}","value":true},{"$id":"94","$type":"ProjectOptionEntry","key":"NetworkCollapsed","context":"{2232342-20813}","value":false},{"$id":"95","$type":"ProjectOptionEntry","key":"LastSelection@Siemens.Simatic.PlcLanguages.PLFrame.BasicLanguageEditor","context":"{2232321-20797}","value":{"$id":"96","$type":"SessionState","NetworkStates":{"$id":"97","$type":"Dictionary`2","3":5},"FocusedComponent":4,"ComponentUndoState":{"$id":"98","$type":"STXSessionState","CurrentLocationX":19,"CurrentLocationY":2,"SelectionStartX":-1,"SelectionStartY":-1}}},{"$id":"99","$type":"ProjectOptionEntry","key":"RestoreNetworkStates","context":"{2232321-20829}","value":true},{"$id":"100","$type":"ProjectOptionEntry","key":"NetworkCollapsed","context":"{2232342-20839}","value":false},{"$id":"101","$type":"ProjectOptionEntry","key":"NetworkCollapsed","context":"{2232342-20843}","value":false},{"$id":"102","$type":"ProjectOptionEntry","key":"NetworkCollapsed","context":"{2232342-20848}","value":false},{"$id":"103","$type":"ProjectOptionEntry","key":"LastSelection@Siemens.Simatic.PlcLanguages.PLFrame.BasicLanguageEditor","context":"{2232321-20829}","value":{"$id":"104","$type":"SessionState","NetworkStates":{"$id":"105","$type":"Dictionary`2","2":5},"FocusedComponent":4,"ComponentUndoState":{"$id":"106","$type":"FLGViewSessionState","SelectedElements":{"$type":"String[]","$values":["<?xml version=\"1.0\" encoding=\"utf-16\"?><Operand UId=\"31\" RefId=\"18\" OwnerUId=\"22\" ParaNum=\"-1\" Formalname=\"IN0\" />"]},"RelevantSettings":null}}},{"$id":"107","$type":"ProjectOptionEntry","key":"NetworkCollapsed","context":"{2232342-17879}","value":false},{"$id":"108","$type":"ProjectOptionEntry","key":"NetworkCollapsed","context":"{2232342-22031}","value":false},{"$id":"109","$type":"ProjectOptionEntry","key":"NetworkCollapsed","context":"{2232342-22032}","value":false},{"$id":"110","$type":"ProjectOptionEntry","key":"NetworkCollapsed","context":"{2232342-22033}","value":false},{"$id":"111","$type":"ProjectOptionEntry","key":"NetworkCollapsed","context":"{2232342-22034}","value":false},{"$id":"112","$type":"ProjectOptionEntry","key":"NetworkCollapsed","context":"{2232342-22035}","value":false},{"$id":"113","$type":"ProjectOptionEntry","key":"RestoreNetworkStates","context":"{2232321-21767}","value":true},{"$id":"114","$type":"ProjectOptionEntry","key":"NetworkCollapsed","context":"{2232342-22244}","value":false},{"$id":"115","$type":"ProjectOptionEntry","key":"NetworkCollapsed","context":"{2232342-22245}","value":false},{"$id":"116","$type":"ProjectOptionEntry","key":"NetworkCollapsed","context":"{2232342-22246}","value":false},{"$id":"117","$type":"ProjectOptionEntry","key":"NetworkCollapsed","context":"{2232342-22247}","value":false},{"$id":"118","$type":"ProjectOptionEntry","key":"NetworkCollapsed","context":"{2232342-22248}","value":false},{"$id":"119","$type":"ProjectOptionEntry","key":"RestoreNetworkStates","context":"{2232321-21797}","value":true},{"$id":"120","$type":"ProjectOptionEntry","key":"NetworkCollapsed","context":"{2232342-22127}","value":false},{"$id":"121","$type":"ProjectOptionEntry","key":"NetworkCollapsed","context":"{2232342-22128}","value":false},{"$id":"122","$type":"ProjectOptionEntry","key":"NetworkCollapsed","context":"{2232342-22129}","value":false},{"$id":"123","$type":"ProjectOptionEntry","key":"NetworkCollapsed","context":"{2232342-22130}","value":false},{"$id":"124","$type":"ProjectOptionEntry","key":"NetworkCollapsed","context":"{2232342-22131}","value":false},{"$id":"125","$type":"ProjectOptionEntry","key":"RestoreNetworkStates","context":"{2232321-21777}","value":true},{"$id":"126","$type":"ProjectOptionEntry","key":"NetworkCollapsed","context":"{2232342-22158}","value":false},{"$id":"127","$type":"ProjectOptionEntry","key":"NetworkCollapsed","context":"{2232342-22159}","value":false},{"$id":"128","$type":"ProjectOptionEntry","key":"RestoreNetworkStates","context":"{2232321-21781}","value":true},{"$id":"129","$type":"ProjectOptionEntry","key":"NetworkCollapsed","context":"{2232342-22399}","value":false},{"$id":"130","$type":"ProjectOptionEntry","key":"RestoreNetworkStates","context":"{2232321-22396}","value":true},{"$id":"131","$type":"ProjectOptionEntry","key":"NetworkCollapsed","context":"{2232342-22407}","value":false},{"$id":"132","$type":"ProjectOptionEntry","key":"RestoreNetworkStates","context":"{2232321-22404}","value":true},{"$id":"133","$type":"ProjectOptionEntry","key":"NetworkCollapsed","context":"{2232342-22410}","value":false},{"$id":"134","$type":"ProjectOptionEntry","key":"NetworkCollapsed","context":"{2232342-22420}","value":false},{"$id":"135","$type":"ProjectOptionEntry","key":"NetworkCollapsed","context":"{2232342-22266}","value":false},{"$id":"136","$type":"ProjectOptionEntry","key":"NetworkCollapsed","context":"{2232342-22267}","value":false},{"$id":"137","$type":"ProjectOptionEntry","key":"NetworkCollapsed","context":"{2232342-22268}","value":false},{"$id":"138","$type":"ProjectOptionEntry","key":"RestoreNetworkStates","context":"{2232321-21799}","value":true},{"$id":"139","$type":"ProjectOptionEntry","key":"NetworkCollapsed","context":"{2232342-22102}","value":false},{"$id":"140","$type":"ProjectOptionEntry","key":"NetworkCollapsed","context":"{2232342-22103}","value":false},{"$id":"141","$type":"ProjectOptionEntry","key":"NetworkCollapsed","context":"{2232342-22104}","value":false},{"$id":"142","$type":"ProjectOptionEntry","key":"NetworkCollapsed","context":"{2232342-22105}","value":false},{"$id":"143","$type":"ProjectOptionEntry","key":"NetworkCollapsed","context":"{2232342-22106}","value":false},{"$id":"144","$type":"ProjectOptionEntry","key":"RestoreNetworkStates","context":"{2232321-21775}","value":true},{"$id":"145","$type":"ProjectOptionEntry","key":"NetworkCollapsed","context":"{2232342-22250}","value":false},{"$id":"146","$type":"ProjectOptionEntry","key":"NetworkCollapsed","context":"{2232342-22448}","value":false},{"$id":"147","$type":"ProjectOptionEntry","key":"NetworkCollapsed","context":"{2232342-22449}","value":false},{"$id":"148","$type":"ProjectOptionEntry","key":"NetworkCollapsed","context":"{2232342-22167}","value":false},{"$id":"149","$type":"ProjectOptionEntry","key":"NetworkCollapsed","context":"{2232342-22168}","value":false},{"$id":"150","$type":"ProjectOptionEntry","key":"NetworkCollapsed","context":"{2232342-22169}","value":false},{"$id":"151","$type":"ProjectOptionEntry","key":"RestoreNetworkStates","context":"{2232321-21783}","value":true},{"$id":"152","$type":"ProjectOptionEntry","key":"LastSelection@Siemens.Simatic.PlcLanguages.PLFrame.BasicLanguageEditor","context":"{2232321-21783}","value":{"$id":"153","$type":"SessionState","NetworkStates":{"$id":"154","$type":"Dictionary`2","1":5},"FocusedComponent":4,"ComponentUndoState":{"$id":"155","$type":"FLGViewSessionState","SelectedElements":{"$type":"String[]","$values":["<?xml version=\"1.0\" encoding=\"utf-16\"?><Operand UId=\"57\" RefId=\"0\" OwnerUId=\"21\" ParaNum=\"-1\" Formalname=\"EN\" />"]},"RelevantSettings":null}}},{"$id":"156","$type":"ProjectOptionEntry","key":"NetworkCollapsed","context":"{2232342-22249}","value":false},{"$id":"157","$type":"ProjectOptionEntry","key":"NetworkCollapsed","context":"{2232342-22454}","value":false},{"$id":"158","$type":"ProjectOptionEntry","key":"LastSelection@Siemens.Simatic.PlcLanguages.PLFrame.BasicLanguageEditor","context":"{2232321-21767}","value":{"$id":"159","$type":"SessionState","NetworkStates":{"$id":"160","$type":"Dictionary`2","4":5},"FocusedComponent":4,"ComponentUndoState":{"$id":"161","$type":"FLGViewSessionState","SelectedElements":{"$type":"String[]","$values":["<?xml version=\"1.0\" encoding=\"utf-16\"?><Operand UId=\"197\" RefId=\"86\" OwnerUId=\"188\" ParaNum=\"6\" Formalname=\"\" />"]},"RelevantSettings":null}}},{"$id":"162","$type":"ProjectOptionEntry","key":"LastSelection@Siemens.Simatic.PlcLanguages.PLFrame.BasicLanguageEditor","context":"{2232321-21797}","value":{"$id":"163","$type":"SessionState","NetworkStates":{"$id":"164","$type":"Dictionary`2","7":5},"FocusedComponent":4,"ComponentUndoState":{"$id":"165","$type":"FLGViewSessionState","SelectedElements":{"$type":"String[]","$values":["<?xml version=\"1.0\" encoding=\"utf-16\"?><ConnectionElement UId=\"59\" Label=\"false\" />"]},"RelevantSettings":null}}},{"$id":"166","$type":"ProjectOptionEntry","key":"LastSelection@Siemens.Simatic.PlcLanguages.PLFrame.BasicLanguageEditor","context":"{2232321-21777}","value":{"$id":"167","$type":"SessionState","NetworkStates":{"$id":"168","$type":"Dictionary`2","1":5},"FocusedComponent":4,"ComponentUndoState":{"$id":"169","$type":"FLGViewSessionState","SelectedElements":{"$type":"String[]","$values":["<?xml version=\"1.0\" encoding=\"utf-16\"?><Operand UId=\"150\" RefId=\"73\" OwnerUId=\"146\" ParaNum=\"1\" Formalname=\"\" />"]},"RelevantSettings":null}}},{"$id":"170","$type":"ProjectOptionEntry","key":"LastSelection@Siemens.Simatic.PlcLanguages.PLFrame.BasicLanguageEditor","context":"{2232321-21781}","value":{"$id":"171","$type":"SessionState","NetworkStates":{"$id":"172","$type":"Dictionary`2","1":5},"FocusedComponent":4,"ComponentUndoState":{"$id":"173","$type":"FLGViewSessionState","SelectedElements":{"$type":"String[]","$values":["<?xml version=\"1.0\" encoding=\"utf-16\"?><Operand UId=\"26\" RefId=\"0\" OwnerUId=\"21\" ParaNum=\"-1\" Formalname=\"EN\" />"]},"RelevantSettings":null}}},{"$id":"174","$type":"ProjectOptionEntry","key":"LastSelection@Siemens.Simatic.PlcLanguages.PLFrame.BasicLanguageEditor","context":"{2232321-22396}","value":{"$id":"175","$type":"SessionState","NetworkStates":{"$id":"176","$type":"Dictionary`2","1":5},"FocusedComponent":3,"ComponentUndoState":0}},{"$id":"177","$type":"ProjectOptionEntry","key":"LastSelection@Siemens.Simatic.PlcLanguages.PLFrame.BasicLanguageEditor","context":"{2232321-22404}","value":{"$id":"178","$type":"SessionState","NetworkStates":{"$id":"179","$type":"Dictionary`2","3":5},"FocusedComponent":4,"ComponentUndoState":{"$id":"180","$type":"FLGViewSessionState","SelectedElements":{"$type":"String[]","$values":["<?xml version=\"1.0\" encoding=\"utf-16\"?><Operand UId=\"59\" RefId=\"12\" OwnerUId=\"57\" ParaNum=\"-1\" Formalname=\"IN0\" />"]},"RelevantSettings":null}}},{"$id":"181","$type":"ProjectOptionEntry","key":"LastSelection@Siemens.Simatic.PlcLanguages.PLFrame.BasicLanguageEditor","context":"{2232321-21799}","value":{"$id":"182","$type":"SessionState","NetworkStates":{"$id":"183","$type":"Dictionary`2","1":5},"FocusedComponent":4,"ComponentUndoState":{"$id":"184","$type":"FLGViewSessionState","SelectedElements":{"$type":"String[]","$values":["<?xml version=\"1.0\" encoding=\"utf-16\"?><Operand UId=\"23\" RefId=\"0\" OwnerUId=\"21\" ParaNum=\"-1\" Formalname=\"EN\" />"]},"RelevantSettings":null}}},{"$id":"185","$type":"ProjectOptionEntry","key":"LastSelection@Siemens.Simatic.PlcLanguages.PLFrame.BasicLanguageEditor","context":"{2232321-21775}","value":{"$id":"186","$type":"SessionState","NetworkStates":{"$id":"187","$type":"Dictionary`2","2":5},"FocusedComponent":4,"ComponentUndoState":{"$id":"188","$type":"FLGViewSessionState","SelectedElements":{"$type":"String[]","$values":["<?xml version=\"1.0\" encoding=\"utf-16\"?><Operand UId=\"51\" RefId=\"25\" OwnerUId=\"50\" ParaNum=\"-1\" Formalname=\"operand\" />"]},"RelevantSettings":null}}}]}