{"$type":"List`1","$values":[{"$id":"1","$type":"ProjectOptionEntry","key":"NetworkCollapsed","context":"{2232342-22031}","value":false},{"$id":"2","$type":"ProjectOptionEntry","key":"NetworkCollapsed","context":"{2232342-22032}","value":false},{"$id":"3","$type":"ProjectOptionEntry","key":"NetworkCollapsed","context":"{2232342-22033}","value":false},{"$id":"4","$type":"ProjectOptionEntry","key":"NetworkCollapsed","context":"{2232342-22034}","value":false},{"$id":"5","$type":"ProjectOptionEntry","key":"NetworkCollapsed","context":"{2232342-22035}","value":false},{"$id":"6","$type":"ProjectOptionEntry","key":"RestoreNetworkStates","context":"{2232321-21767}","value":true},{"$id":"7","$type":"ProjectOptionEntry","key":"NetworkCollapsed","context":"{2232342-22244}","value":false},{"$id":"8","$type":"ProjectOptionEntry","key":"NetworkCollapsed","context":"{2232342-22245}","value":false},{"$id":"9","$type":"ProjectOptionEntry","key":"NetworkCollapsed","context":"{2232342-22246}","value":false},{"$id":"10","$type":"ProjectOptionEntry","key":"NetworkCollapsed","context":"{2232342-22247}","value":false},{"$id":"11","$type":"ProjectOptionEntry","key":"NetworkCollapsed","context":"{2232342-22248}","value":false},{"$id":"12","$type":"ProjectOptionEntry","key":"RestoreNetworkStates","context":"{2232321-21797}","value":true},{"$id":"13","$type":"ProjectOptionEntry","key":"NetworkCollapsed","context":"{2232342-22127}","value":false},{"$id":"14","$type":"ProjectOptionEntry","key":"NetworkCollapsed","context":"{2232342-22128}","value":false},{"$id":"15","$type":"ProjectOptionEntry","key":"NetworkCollapsed","context":"{2232342-22129}","value":false},{"$id":"16","$type":"ProjectOptionEntry","key":"NetworkCollapsed","context":"{2232342-22130}","value":false},{"$id":"17","$type":"ProjectOptionEntry","key":"NetworkCollapsed","context":"{2232342-22131}","value":false},{"$id":"18","$type":"ProjectOptionEntry","key":"RestoreNetworkStates","context":"{2232321-21777}","value":true},{"$id":"19","$type":"ProjectOptionEntry","key":"NetworkCollapsed","context":"{2232342-22158}","value":false},{"$id":"20","$type":"ProjectOptionEntry","key":"NetworkCollapsed","context":"{2232342-22159}","value":false},{"$id":"21","$type":"ProjectOptionEntry","key":"RestoreNetworkStates","context":"{2232321-21781}","value":true},{"$id":"22","$type":"ProjectOptionEntry","key":"NetworkCollapsed","context":"{2232342-22399}","value":false},{"$id":"23","$type":"ProjectOptionEntry","key":"RestoreNetworkStates","context":"{2232321-22396}","value":true},{"$id":"24","$type":"ProjectOptionEntry","key":"NetworkCollapsed","context":"{2232342-22407}","value":false},{"$id":"25","$type":"ProjectOptionEntry","key":"RestoreNetworkStates","context":"{2232321-22404}","value":true},{"$id":"26","$type":"ProjectOptionEntry","key":"NetworkCollapsed","context":"{2232342-22410}","value":false},{"$id":"27","$type":"ProjectOptionEntry","key":"NetworkCollapsed","context":"{2232342-22420}","value":false},{"$id":"28","$type":"ProjectOptionEntry","key":"NetworkCollapsed","context":"{2232342-22266}","value":false},{"$id":"29","$type":"ProjectOptionEntry","key":"NetworkCollapsed","context":"{2232342-22267}","value":false},{"$id":"30","$type":"ProjectOptionEntry","key":"NetworkCollapsed","context":"{2232342-22268}","value":false},{"$id":"31","$type":"ProjectOptionEntry","key":"RestoreNetworkStates","context":"{2232321-21799}","value":true},{"$id":"32","$type":"ProjectOptionEntry","key":"NetworkCollapsed","context":"{2232342-22102}","value":false},{"$id":"33","$type":"ProjectOptionEntry","key":"NetworkCollapsed","context":"{2232342-22103}","value":false},{"$id":"34","$type":"ProjectOptionEntry","key":"NetworkCollapsed","context":"{2232342-22104}","value":false},{"$id":"35","$type":"ProjectOptionEntry","key":"NetworkCollapsed","context":"{2232342-22105}","value":false},{"$id":"36","$type":"ProjectOptionEntry","key":"NetworkCollapsed","context":"{2232342-22106}","value":false},{"$id":"37","$type":"ProjectOptionEntry","key":"RestoreNetworkStates","context":"{2232321-21775}","value":true},{"$id":"38","$type":"ProjectOptionEntry","key":"NetworkCollapsed","context":"{2232342-22250}","value":false},{"$id":"39","$type":"ProjectOptionEntry","key":"NetworkCollapsed","context":"{2232342-22448}","value":false},{"$id":"40","$type":"ProjectOptionEntry","key":"NetworkCollapsed","context":"{2232342-22449}","value":false},{"$id":"41","$type":"ProjectOptionEntry","key":"NetworkCollapsed","context":"{2232342-22167}","value":false},{"$id":"42","$type":"ProjectOptionEntry","key":"NetworkCollapsed","context":"{2232342-22168}","value":false},{"$id":"43","$type":"ProjectOptionEntry","key":"NetworkCollapsed","context":"{2232342-22169}","value":false},{"$id":"44","$type":"ProjectOptionEntry","key":"RestoreNetworkStates","context":"{2232321-21783}","value":true},{"$id":"45","$type":"ProjectOptionEntry","key":"LastSelection@Siemens.Simatic.PlcLanguages.PLFrame.BasicLanguageEditor","context":"{2232321-21783}","value":{"$id":"46","$type":"SessionState","NetworkStates":{"$id":"47","$type":"Dictionary`2","1":5},"FocusedComponent":4,"ComponentUndoState":{"$id":"48","$type":"FLGViewSessionState","SelectedElements":{"$type":"String[]","$values":["<?xml version=\"1.0\" encoding=\"utf-16\"?><Operand UId=\"57\" RefId=\"0\" OwnerUId=\"21\" ParaNum=\"-1\" Formalname=\"EN\" />"]},"RelevantSettings":null}}},{"$id":"49","$type":"ProjectOptionEntry","key":"NetworkCollapsed","context":"{2232342-22249}","value":false},{"$id":"50","$type":"ProjectOptionEntry","key":"NetworkCollapsed","context":"{2232342-22454}","value":false},{"$id":"51","$type":"ProjectOptionEntry","key":"LastSelection@Siemens.Simatic.PlcLanguages.PLFrame.BasicLanguageEditor","context":"{2232321-21767}","value":{"$id":"52","$type":"SessionState","NetworkStates":{"$id":"53","$type":"Dictionary`2","4":5},"FocusedComponent":4,"ComponentUndoState":{"$id":"54","$type":"FLGViewSessionState","SelectedElements":{"$type":"String[]","$values":["<?xml version=\"1.0\" encoding=\"utf-16\"?><Operand UId=\"197\" RefId=\"86\" OwnerUId=\"188\" ParaNum=\"6\" Formalname=\"\" />"]},"RelevantSettings":null}}},{"$id":"55","$type":"ProjectOptionEntry","key":"LastSelection@Siemens.Simatic.PlcLanguages.PLFrame.BasicLanguageEditor","context":"{2232321-21797}","value":{"$id":"56","$type":"SessionState","NetworkStates":{"$id":"57","$type":"Dictionary`2","7":5},"FocusedComponent":4,"ComponentUndoState":{"$id":"58","$type":"FLGViewSessionState","SelectedElements":{"$type":"String[]","$values":["<?xml version=\"1.0\" encoding=\"utf-16\"?><ConnectionElement UId=\"59\" Label=\"false\" />"]},"RelevantSettings":null}}},{"$id":"59","$type":"ProjectOptionEntry","key":"LastSelection@Siemens.Simatic.PlcLanguages.PLFrame.BasicLanguageEditor","context":"{2232321-21777}","value":{"$id":"60","$type":"SessionState","NetworkStates":{"$id":"61","$type":"Dictionary`2","1":5},"FocusedComponent":4,"ComponentUndoState":{"$id":"62","$type":"FLGViewSessionState","SelectedElements":{"$type":"String[]","$values":["<?xml version=\"1.0\" encoding=\"utf-16\"?><Operand UId=\"150\" RefId=\"73\" OwnerUId=\"146\" ParaNum=\"1\" Formalname=\"\" />"]},"RelevantSettings":null}}},{"$id":"63","$type":"ProjectOptionEntry","key":"LastSelection@Siemens.Simatic.PlcLanguages.PLFrame.BasicLanguageEditor","context":"{2232321-21781}","value":{"$id":"64","$type":"SessionState","NetworkStates":{"$id":"65","$type":"Dictionary`2","1":5},"FocusedComponent":4,"ComponentUndoState":{"$id":"66","$type":"FLGViewSessionState","SelectedElements":{"$type":"String[]","$values":["<?xml version=\"1.0\" encoding=\"utf-16\"?><Operand UId=\"26\" RefId=\"0\" OwnerUId=\"21\" ParaNum=\"-1\" Formalname=\"EN\" />"]},"RelevantSettings":null}}},{"$id":"67","$type":"ProjectOptionEntry","key":"LastSelection@Siemens.Simatic.PlcLanguages.PLFrame.BasicLanguageEditor","context":"{2232321-22396}","value":{"$id":"68","$type":"SessionState","NetworkStates":{"$id":"69","$type":"Dictionary`2","1":5},"FocusedComponent":3,"ComponentUndoState":0}},{"$id":"70","$type":"ProjectOptionEntry","key":"LastSelection@Siemens.Simatic.PlcLanguages.PLFrame.BasicLanguageEditor","context":"{2232321-22404}","value":{"$id":"71","$type":"SessionState","NetworkStates":{"$id":"72","$type":"Dictionary`2","3":5},"FocusedComponent":4,"ComponentUndoState":{"$id":"73","$type":"FLGViewSessionState","SelectedElements":{"$type":"String[]","$values":["<?xml version=\"1.0\" encoding=\"utf-16\"?><Operand UId=\"59\" RefId=\"12\" OwnerUId=\"57\" ParaNum=\"-1\" Formalname=\"IN0\" />"]},"RelevantSettings":null}}},{"$id":"74","$type":"ProjectOptionEntry","key":"LastSelection@Siemens.Simatic.PlcLanguages.PLFrame.BasicLanguageEditor","context":"{2232321-21799}","value":{"$id":"75","$type":"SessionState","NetworkStates":{"$id":"76","$type":"Dictionary`2","1":5},"FocusedComponent":4,"ComponentUndoState":{"$id":"77","$type":"FLGViewSessionState","SelectedElements":{"$type":"String[]","$values":["<?xml version=\"1.0\" encoding=\"utf-16\"?><Operand UId=\"23\" RefId=\"0\" OwnerUId=\"21\" ParaNum=\"-1\" Formalname=\"EN\" />"]},"RelevantSettings":null}}},{"$id":"78","$type":"ProjectOptionEntry","key":"LastSelection@Siemens.Simatic.PlcLanguages.PLFrame.BasicLanguageEditor","context":"{2232321-21775}","value":{"$id":"79","$type":"SessionState","NetworkStates":{"$id":"80","$type":"Dictionary`2","2":5},"FocusedComponent":4,"ComponentUndoState":{"$id":"81","$type":"FLGViewSessionState","SelectedElements":{"$type":"String[]","$values":["<?xml version=\"1.0\" encoding=\"utf-16\"?><Operand UId=\"51\" RefId=\"25\" OwnerUId=\"50\" ParaNum=\"-1\" Formalname=\"operand\" />"]},"RelevantSettings":null}}}]}